{"cameraMode":{"drawMode":0,"name":"Shaded","section":"Shading Mode"},"sceneLighting":false,"audioPlay":false,"sceneViewState":{"m_AlwaysRefresh":false,"showFog":true,"showSkybox":false,"showFlares":true,"showImageEffects":true,"showParticleSystems":true,"showVisualEffectGraphs":true,"m_FxEnabled":true},"in2DMode":false,"pivot":{"x":0.08649158477783203,"y":0.46162378787994387,"z":489.91351318359377},"rotation":{"x":0.06445441395044327,"y":-0.00539233535528183,"z":0.0003483405744191259,"w":0.9979070425033569},"size":0.8660253882408142,"orthographic":false}