{"cameraMode":{"drawMode":0,"name":"Shaded","section":"Shading Mode"},"sceneLighting":true,"audioPlay":false,"sceneViewState":{"m_AlwaysRefresh":false,"showFog":true,"showSkybox":true,"showFlares":true,"showImageEffects":true,"showParticleSystems":true,"showVisualEffectGraphs":true,"m_FxEnabled":true},"in2DMode":false,"pivot":{"x":0.16832056641578675,"y":1.2098863124847413,"z":-10.106722831726075},"rotation":{"x":0.13207867741584779,"y":-0.23837755620479585,"z":0.03274214267730713,"w":0.961592435836792},"size":0.48294177651405337,"orthographic":false}