{"cameraMode":{"drawMode":0,"name":"Shaded","section":"Shading Mode"},"sceneLighting":true,"audioPlay":false,"sceneViewState":{"m_AlwaysRefresh":false,"showFog":true,"showSkybox":true,"showFlares":true,"showImageEffects":true,"showParticleSystems":true,"showVisualEffectGraphs":true,"m_FxEnabled":true},"in2DMode":false,"pivot":{"x":1.2185561656951905,"y":0.31822696328163149,"z":-1.431492567062378},"rotation":{"x":0.03435372933745384,"y":-0.6125362515449524,"z":0.02666199766099453,"w":0.7892441749572754},"size":0.19169311225414277,"orthographic":true}